-- MySQL dump 10.13  Distrib 8.0.41, for Win64 (x86_64)
--
-- Host: localhost    Database: gestao_horarios
-- ------------------------------------------------------
-- Server version	8.0.41

/*!40101 SET @OLD_CHARACTER_SET_CLIENT=@@CHARACTER_SET_CLIENT */;
/*!40101 SET @OLD_CHARACTER_SET_RESULTS=@@CHARACTER_SET_RESULTS */;
/*!40101 SET @OLD_COLLATION_CONNECTION=@@COLLATION_CONNECTION */;
/*!50503 SET NAMES utf8mb4 */;
/*!40103 SET @OLD_TIME_ZONE=@@TIME_ZONE */;
/*!40103 SET TIME_ZONE='+00:00' */;
/*!40014 SET @OLD_UNIQUE_CHECKS=@@UNIQUE_CHECKS, UNIQUE_CHECKS=0 */;
/*!40014 SET @OLD_FOREIGN_KEY_CHECKS=@@FOREIGN_KEY_CHECKS, FOREIGN_KEY_CHECKS=0 */;
/*!40101 SET @OLD_SQL_MODE=@@SQL_MODE, SQL_MODE='NO_AUTO_VALUE_ON_ZERO' */;
/*!40111 SET @OLD_SQL_NOTES=@@SQL_NOTES, SQL_NOTES=0 */;

--
-- Table structure for table `alocacao`
--

DROP TABLE IF EXISTS `alocacao`;
/*!40101 SET @saved_cs_client     = @@character_set_client */;
/*!50503 SET character_set_client = utf8mb4 */;
CREATE TABLE `alocacao` (
  `id` int NOT NULL AUTO_INCREMENT,
  `professor_id` int NOT NULL,
  `disciplina_id` int NOT NULL,
  `horario` time NOT NULL,
  `dia` enum('Segunda','Terça','Quarta','Quinta','Sexta') NOT NULL,
  PRIMARY KEY (`id`),
  UNIQUE KEY `professor_id` (`professor_id`,`horario`,`dia`),
  KEY `disciplina_id` (`disciplina_id`),
  CONSTRAINT `alocacao_ibfk_1` FOREIGN KEY (`professor_id`) REFERENCES `professores` (`id`) ON DELETE CASCADE,
  CONSTRAINT `alocacao_ibfk_2` FOREIGN KEY (`disciplina_id`) REFERENCES `disciplinas` (`id`) ON DELETE CASCADE
) ENGINE=InnoDB DEFAULT CHARSET=utf8mb4 COLLATE=utf8mb4_0900_ai_ci;
/*!40101 SET character_set_client = @saved_cs_client */;

--
-- Dumping data for table `alocacao`
--

LOCK TABLES `alocacao` WRITE;
/*!40000 ALTER TABLE `alocacao` DISABLE KEYS */;
/*!40000 ALTER TABLE `alocacao` ENABLE KEYS */;
UNLOCK TABLES;

--
-- Table structure for table `alunos`
--

DROP TABLE IF EXISTS `alunos`;
/*!40101 SET @saved_cs_client     = @@character_set_client */;
/*!50503 SET character_set_client = utf8mb4 */;
CREATE TABLE `alunos` (
  `id` int NOT NULL AUTO_INCREMENT,
  `nome` varchar(100) NOT NULL,
  `cpf` varchar(14) NOT NULL,
  `endereco` varchar(255) DEFAULT NULL,
  `telefone` varchar(20) DEFAULT NULL,
  `email` varchar(100) DEFAULT NULL,
  `data_nascimento` date DEFAULT NULL,
  `curso` varchar(255) DEFAULT NULL,
  `sala_id` int DEFAULT NULL,
  PRIMARY KEY (`id`),
  UNIQUE KEY `cpf` (`cpf`),
  UNIQUE KEY `unique_cpf` (`cpf`),
  KEY `fk_sala` (`sala_id`),
  CONSTRAINT `fk_sala` FOREIGN KEY (`sala_id`) REFERENCES `salas` (`id`) ON DELETE SET NULL
) ENGINE=InnoDB AUTO_INCREMENT=825 DEFAULT CHARSET=utf8mb4 COLLATE=utf8mb4_0900_ai_ci;
/*!40101 SET character_set_client = @saved_cs_client */;

--
-- Dumping data for table `alunos`
--

LOCK TABLES `alunos` WRITE;
/*!40000 ALTER TABLE `alunos` DISABLE KEYS */;
INSERT INTO `alunos` VALUES (120,'Alice Souza','101.202.303-41','Rua da Paz, 10','(16) 99100-0001','alice.s@email.com','2009-03-15',NULL,24),(121,'Bernardo Lima','202.303.404-52','Avenida Central, 20','(16) 99100-0002','bernardo.l@email.com','2009-05-20',NULL,24),(122,'Camila Rocha','303.404.505-63','Rua das Árvores, 30','(16) 99100-0003','camila.r@email.com','2009-07-25',NULL,24),(123,'Davi Mendes','404.505.606-74','Avenida Leste, 40','(16) 99100-0004','davi.m@email.com','2009-09-30',NULL,24),(124,'Eloá Cunha','505.606.707-85','Rua do Sol, 50','(16) 99100-0005','eloa.c@email.com','2009-11-05',NULL,24),(125,'Fábio Barros','606.707.808-96','Avenida Oeste, 60','(16) 99100-0006','fabio.b@email.com','2010-01-10',NULL,24),(126,'Giovanna Ribeiro','707.808.909-07','Rua da Lua, 70','(16) 99100-0007','giovanna.r@email.com','2010-03-15',NULL,24),(127,'Heitor Gomes','808.909.010-18','Avenida Norte, 80','(16) 99100-0008','heitor.g@email.com','2010-05-20',NULL,24),(128,'Isabella Oliveira','909.010.111-29','Rua do Campo, 90','(16) 99100-0009','isabella.o@email.com','2010-07-25',NULL,24),(129,'João Fernandes','010.111.222-31','Avenida Sul, 100','(16) 99100-0010','joao.f@email.com','2010-09-30',NULL,24),(130,'Laura Silva','111.222.333-42','Rua da Praia, 110','(16) 99100-0011','laura.s@email.com','2010-11-05',NULL,24),(131,'Lucas Pereira','222.333.444-53','Avenida Marginal, 120','(16) 99100-0012','lucas.p@email.com','2011-01-10',NULL,24),(132,'Manuela Santos','333.444.555-64','Rua da Serra, 130','(16) 99100-0013','manuela.s@email.com','2011-03-15',NULL,24),(133,'Matheus Lima','444.555.666-75','Avenida Industrial, 140','(16) 99100-0014','matheus.l@email.com','2011-05-20',NULL,24),(134,'Nicole Rocha','555.666.777-86','Rua do Bosque, 150','(16) 99100-0015','nicole.r@email.com','2011-07-25',NULL,24),(135,'Pedro Mendes','666.777.888-97','Avenida Comercial, 160','(16) 99100-0016','pedro.m@email.com','2011-09-30',NULL,24),(136,'Rafaela Cunha','777.888.999-08','Rua da Colina, 170','(16) 99100-0017','rafaela.c@email.com','2011-11-05',NULL,24),(137,'Samuel Barros','888.999.000-19','Avenida dos Lagos, 180','(16) 99100-0018','samuel.b@email.com','2012-01-10',NULL,24),(138,'Sophia Ribeiro','999.000.111-20','Rua do Rio, 190','(16) 99100-0019','sophia.r@email.com','2012-03-15',NULL,24),(139,'Thiago Gomes','000.111.222-32','Avenida das Flores, 200','(16) 99100-0020','thiago.g@email.com','2012-05-20',NULL,24),(140,'Valentina Oliveira','111.222.333-43','Rua dos Pássaros, 210','(16) 99100-0021','valentina.o@email.com','2012-07-25',NULL,24),(141,'Vinicius Fernandes','222.333.444-54','Avenida Independência, 220','(16) 99100-0022','vinicius.f@email.com','2012-09-30',NULL,24),(142,'Yasmin Silva','333.444.555-65','Rua das Palmeiras, 230','(16) 99100-0023','yasmin.s@email.com','2012-11-05',NULL,24),(143,'Enzo Pereira','444.555.666-76','Avenida Dom Pedro II, 240','(16) 99100-0024','enzo.p@email.com','2013-01-10',NULL,24),(144,'Alice Santos','555.666.777-87','Rua dos Lírios, 250','(16) 99100-0025','alice.st@email.com','2013-03-15',NULL,24),(145,'Bernardo Rocha','666.777.888-98','Avenida Nove de Julho, 260','(16) 99100-0026','bernardo.r@email.com','2013-05-20',NULL,24),(146,'Camila Mendes','777.888.999-09','Rua das Orquídeas, 270','(16) 99100-0027','camila.m@email.com','2013-07-25',NULL,24),(147,'Davi Cunha','888.999.000-20','Avenida Presidente Vargas, 280','(16) 99100-0028','davi.c@email.com','2013-09-30',NULL,24),(148,'Eloá Barros','999.000.111-31','Rua dos Cravos, 290','(16) 99100-0029','eloa.b@email.com','2013-11-05',NULL,24),(149,'Fábio Ribeiro','000.111.222-42','Avenida Francisco Junqueira, 300','(16) 99100-0030','fabio.r@email.com','2014-01-10',NULL,24),(150,'Gustavo Oliveira','102.203.304-43','Rua da Amizade, 11','(16) 99100-0031','gustavo.o@email.com','2009-04-01',NULL,25),(151,'Helena Fernandes','203.304.405-54','Avenida da Saudade, 21','(16) 99100-0032','helena.f@email.com','2009-06-05',NULL,25),(152,'Ícaro Silva','304.405.506-65','Rua do Comércio, 31','(16) 99100-0033','icaro.s@email.com','2009-08-10',NULL,25),(153,'Júlia Pereira','405.506.607-76','Avenida dos Bandeirantes, 41','(16) 99100-0034','julia.p@email.com','2009-10-15',NULL,25),(154,'Kaique Santos','506.607.708-87','Rua da Liberdade, 51','(16) 99100-0035','kaique.s@email.com','2009-12-20',NULL,25),(155,'Larissa Lima','607.708.809-98','Avenida da Paz, 61','(16) 99100-0036','larissa.l@email.com','2010-02-25',NULL,25),(156,'Miguel Rocha','708.809.910-09','Rua da Esperança, 71','(16) 99100-0037','miguel.r@email.com','2010-04-01',NULL,25),(157,'Natália Mendes','809.910.011-20','Avenida da União, 81','(16) 99100-0038','natalia.m@email.com','2010-06-05',NULL,25),(158,'Otávio Cunha','910.011.112-31','Rua do Progresso, 91','(16) 99100-0039','otavio.c@email.com','2010-08-10',NULL,25),(159,'Paula Barros','011.112.223-42','Avenida da Vitória, 101','(16) 99100-0040','paula.b@email.com','2010-10-15',NULL,25),(160,'Quentin Ribeiro','112.223.334-53','Rua da Alegria, 111','(16) 99100-0041','quentin.r@email.com','2010-12-20',NULL,25),(161,'Raissa Gomes','223.334.445-64','Avenida da Liberdade, 121','(16) 99100-0042','raissa.g@email.com','2011-02-25',NULL,25),(162,'Sérgio Oliveira','334.445.556-75','Rua do Encontro, 131','(16) 99100-0043','sergio.o@email.com','2011-04-01',NULL,25),(163,'Tatiana Fernandes','445.556.667-86','Avenida da Amizade, 141','(16) 99100-0044','tatiana.f@email.com','2011-06-05',NULL,25),(164,'Ulisses Silva','556.667.778-97','Rua do Sol Nascente, 151','(16) 99100-0045','ulisses.s@email.com','2011-08-10',NULL,25),(165,'Valéria Pereira','667.778.889-08','Avenida Central Park, 161','(16) 99100-0046','valeria.p@email.com','2011-10-15',NULL,25),(166,'Wellington Santos','778.889.990-19','Rua da Boa Vista, 171','(16) 99100-0047','wellington.s@email.com','2011-12-20',NULL,25),(167,'Xavier Lima','889.990.001-30','Avenida Beira Rio, 181','(16) 99100-0048','xavier.l@email.com','2012-02-25',NULL,25),(168,'Yara Rocha','990.001.112-41','Rua das Acácias, 191','(16) 99100-0049','yara.r@email.com','2012-04-01',NULL,25),(169,'Zeca Mendes','001.112.223-52','Avenida das Flores, 201','(16) 99100-0050','zeca.m@email.com','2012-06-05',NULL,25),(170,'Amanda Cunha','112.223.334-63','Rua dos Pássaros, 211','(16) 99100-0051','amanda.c@email.com','2012-08-10',NULL,25),(171,'Bruno Barros','223.334.445-74','Avenida Independência, 221','(16) 99100-0052','bruno.b@email.com','2012-10-15',NULL,25),(172,'Carla Ribeiro','334.445.556-85','Rua das Palmeiras, 231','(16) 99100-0053','carla.r@email.com','2012-12-20',NULL,25),(173,'Daniel Gomes','445.556.667-96','Avenida Dom Pedro II, 241','(16) 99100-0054','daniel.g@email.com','2013-02-25',NULL,25),(174,'Emilly Oliveira','556.667.778-07','Rua dos Lírios, 251','(16) 99100-0055','emilly.o@email.com','2013-04-01',NULL,25),(175,'Felipe Fernandes','667.778.889-18','Avenida Nove de Julho, 261','(16) 99100-0056','felipe.f@email.com','2013-06-05',NULL,25),(176,'Gabriela Silva','778.889.990-29','Rua das Orquídeas, 271','(16) 99100-0057','gabriela.s@email.com','2013-08-10',NULL,25),(177,'Henrique Pereira','889.990.001-40','Avenida Presidente Vargas, 281','(16) 99100-0058','henrique.p@email.com','2013-10-15',NULL,25),(178,'Isabel Santos','990.001.112-51','Rua dos Cravos, 291','(16) 99100-0059','isabel.st@email.com','2013-12-20',NULL,25),(179,'João Lima','001.112.223-62','Avenida Francisco Junqueira, 301','(16) 99100-0060','joao.l@email.com','2014-02-25',NULL,25),(180,'Juliana Rocha','103.204.305-44','Rua da Colina, 12','(16) 99100-0061','juliana.r@email.com','2009-05-10',NULL,26),(181,'Leonardo Mendes','204.305.406-55','Avenida Dom Pedro I, 22','(16) 99100-0062','leonardo.m@email.com','2009-07-15',NULL,26),(182,'Maria Cunha','305.406.507-66','Rua do Ipê, 32','(16) 99100-0063','maria.c@email.com','2009-09-20',NULL,26),(183,'Nicolas Barros','406.507.608-77','Avenida Brasil Norte, 42','(16) 99100-0064','nicolas.b@email.com','2009-11-25',NULL,26),(184,'Olivia Ribeiro','507.608.709-88','Rua da Figueira, 52','(16) 99100-0065','olivia.r@email.com','2010-01-30',NULL,26),(185,'Pedro Gomes','608.709.810-99','Avenida Bandeirantes Sul, 62','(16) 99100-0066','pedro.g@email.com','2010-03-05',NULL,26),(186,'Raquel Oliveira','709.810.911-10','Rua do Jasmim, 72','(16) 99100-0067','raquel.o@email.com','2010-05-10',NULL,26),(187,'Samuel Fernandes','810.911.012-21','Avenida Independência Oeste, 82','(16) 99100-0068','samuel.f@email.com','2010-07-15',NULL,26),(188,'Thais Silva','911.012.113-32','Rua da Cerejeira, 92','(16) 99100-0069','thais.s@email.com','2010-09-20',NULL,26),(189,'Vinicius Pereira','012.113.224-43','Avenida Presidente Kennedy, 102','(16) 99100-0070','vinicius.p@email.com','2010-11-25',NULL,26),(190,'Yasmin Santos','113.224.335-54','Rua da Mangueira, 112','(16) 99100-0071','yasmin.s@email.com','2011-01-30',NULL,26),(191,'André Lima','224.335.446-65','Avenida Nove de Julho Leste, 122','(16) 99100-0072','andre.l@email.com','2011-03-05',NULL,26),(192,'Bianca Rocha','335.446.557-76','Rua da Goiabeira, 132','(16) 99100-0073','bianca.r@email.com','2011-05-10',NULL,26),(193,'Carlos Mendes','446.557.668-87','Avenida Francisco Junqueira Sul, 142','(16) 99100-0074','carlos.m@email.com','2011-07-15',NULL,26),(194,'Daniela Cunha','557.668.779-98','Rua da Laranjeira, 152','(16) 99100-0075','daniela.c@email.com','2011-09-20',NULL,26),(195,'Eduardo Barros','668.779.880-09','Avenida Portugal Norte, 162','(16) 99100-0076','eduardo.b@email.com','2011-11-25',NULL,26),(196,'Fernanda Ribeiro','779.880.991-20','Rua da Pitangueira, 172','(16) 99100-0077','fernanda.r@email.com','2012-01-30',NULL,26),(197,'Gabriel Gomes','880.991.002-31','Avenida Maurílio Biagi, 182','(16) 99100-0078','gabriel.g@email.com','2012-03-05',NULL,26),(198,'Heloísa Oliveira','991.002.113-42','Rua da Jabuticabeira, 192','(16) 99100-0079','heloisa.o@email.com','2012-05-10',NULL,26),(199,'Ítalo Fernandes','002.113.224-53','Avenida Costábile Romano, 202','(16) 99100-0080','italo.f@email.com','2012-07-15',NULL,26),(200,'Júlia Silva','113.224.335-64','Rua da Acerola, 212','(16) 99100-0081','julia.silva@email.com','2012-09-20',NULL,26),(201,'Lucas Pereira','224.335.446-75','Avenida Antônio Diederichsen, 222','(16) 99100-0082','lucas.p@email.com','2012-11-25',NULL,26),(202,'Mariana Santos','335.446.557-86','Rua do Limoeiro, 232','(16) 99100-0083','mariana.s@email.com','2013-01-30',NULL,26),(203,'Murilo Lima','446.557.668-97','Avenida Caramuru, 242','(16) 99100-0084','murilo.l@email.com','2013-03-05',NULL,26),(204,'Natasha Rocha','557.668.779-08','Rua da Amora, 252','(16) 99100-0085','natasha.r@email.com','2013-05-10',NULL,26),(205,'Otávio Mendes','668.779.880-19','Avenida Presidente Vargas Norte, 262','(16) 99100-0086','otavio.m@email.com','2013-07-15',NULL,26),(206,'Patrícia Cunha','779.880.991-30','Rua da Framboesa, 272','(16) 99100-0087','patricia.c@email.com','2013-09-20',NULL,26),(207,'Ricardo Barros','880.991.002-41','Avenida Nove de Julho Sul, 282','(16) 99100-0088','ricardo.b@email.com','2013-11-25',NULL,26),(208,'Sofia Ribeiro','991.002.113-52','Rua da Pitanga, 292','(16) 99100-0089','sofia.r@email.com','2014-01-30',NULL,26),(209,'Thiago Gomes','002.113.224-63','Avenida Francisco Junqueira Norte, 302','(16) 99100-0090','thiago.g@email.com','2014-03-05',NULL,26),(210,'Ana Clara Silva','104.205.306-45','Rua das Oliveiras, 13','(16) 99100-0091','ana.clara@email.com','2008-03-20',NULL,27),(211,'Bruno Pereira','205.306.407-56','Avenida Mogiana, 23','(16) 99100-0092','bruno.p@email.com','2008-05-25',NULL,27),(212,'Carla Santos','306.407.508-67','Rua dos Abacateiros, 33','(16) 99100-0093','carla.s@email.com','2008-07-30',NULL,27),(213,'Davi Lima','407.508.609-78','Avenida Saudade Norte, 43','(16) 99100-0094','davi.l@email.com','2008-09-04',NULL,27),(214,'Emilly Rocha','508.609.710-89','Rua dos Cajueiros, 53','(16) 99100-0095','emilly.r@email.com','2008-11-09',NULL,27),(215,'Felipe Mendes','609.710.811-00','Avenida Dom Pedro II Leste, 63','(16) 99100-0096','felipe.m@email.com','2009-01-14',NULL,27),(216,'Gabriela Cunha','710.811.912-11','Rua das Mangueiras, 73','(16) 99100-0097','gabriela.c@email.com','2009-03-20',NULL,27),(217,'Henrique Barros','811.912.013-22','Avenida Brasil Sul, 83','(16) 99100-0098','henrique.b@email.com','2009-05-25',NULL,27),(218,'Isabel Ribeiro','912.013.114-33','Rua das Goiabeiras, 93','(16) 99100-0099','isabel.r@email.com','2009-07-30',NULL,27),(219,'João Gomes','013.114.225-44','Avenida Bandeirantes Oeste, 103','(16) 99100-0100','joao.g@email.com','2009-09-04',NULL,27),(220,'Larissa Oliveira','114.225.336-55','Rua das Laranjeiras, 113','(16) 99100-0101','larissa.o@email.com','2009-11-09',NULL,27),(221,'Lucas Fernandes','225.336.447-66','Avenida Independência Leste, 123','(16) 99100-0102','lucas.f@email.com','2010-01-14',NULL,27),(222,'Manuela Silva','336.447.558-77','Rua das Pitangueiras, 133','(16) 99100-0103','manuela.s@email.com','2010-03-20',NULL,27),(223,'Matheus Pereira','447.558.669-88','Avenida Presidente Vargas Sul, 143','(16) 99100-0104','matheus.p@email.com','2010-05-25',NULL,27),(224,'Nicole Santos','558.669.770-99','Rua das Acerolas, 153','(16) 99100-0105','nicole.s@email.com','2010-07-30',NULL,27),(225,'Pedro Lima','669.770.881-10','Avenida Nove de Julho Oeste, 163','(16) 99100-0106','pedro.l@email.com','2010-09-04',NULL,27),(226,'Rafaela Rocha','770.881.992-21','Rua dos Limoeiros, 173','(16) 99100-0107','rafaela.r@email.com','2010-11-09',NULL,27),(227,'Samuel Mendes','881.992.003-32','Avenida Caramuru Norte, 183','(16) 99100-0108','samuel.m@email.com','2011-01-14',NULL,27),(228,'Sophia Cunha','992.003.114-43','Rua das Amoras, 193','(16) 99100-0109','sophia.c@email.com','2011-03-20',NULL,27),(229,'Thiago Barros','003.114.225-54','Avenida Presidente Kennedy Leste, 203','(16) 99100-0110','thiago.b@email.com','2011-05-25',NULL,27),(230,'Valentina Ribeiro','114.225.336-65','Rua das Framboesas, 213','(16) 99100-0111','valentina.r@email.com','2011-07-30',NULL,27),(231,'Vinicius Gomes','225.336.447-76','Avenida Costábile Romano Norte, 223','(16) 99100-0112','vinicius.g@email.com','2011-09-04',NULL,27),(232,'Yasmin Oliveira','336.447.558-87','Rua das Pitangas, 233','(16) 99100-0113','yasmin.o@email.com','2011-11-09',NULL,27),(233,'Enzo Fernandes','447.558.669-98','Avenida Antônio Diederichsen Norte, 243','(16) 99100-0114','enzo.f@email.com','2012-01-14',NULL,27),(234,'Alice Silva','558.669.770-09','Rua dos Abacaxis, 253','(16) 99100-0115','alice.silva@email.com','2012-03-20',NULL,27),(235,'Bernardo Pereira','669.770.881-20','Avenida Mogiana Sul, 263','(16) 99100-0116','bernardo.p@email.com','2012-05-25',NULL,27),(236,'Camila Santos','770.881.992-31','Rua dos Abacateiros Norte, 273','(16) 99100-0117','camila.s@email.com','2012-07-30',NULL,27),(237,'Davi Lima','881.992.003-42','Avenida Saudade Sul, 283','(16) 99100-0118','davi.lima@email.com','2012-09-04',NULL,27),(238,'Eloá Rocha','992.003.114-53','Rua dos Cajueiros Norte, 293','(16) 99100-0119','eloa.r@email.com','2012-11-09',NULL,27),(239,'Fábio Mendes','003.114.225-64','Avenida Dom Pedro II Oeste, 303','(16) 99100-0120','fabio.m@email.com','2013-01-14',NULL,27),(360,'Ana Paula Cunha','105.206.307-46','Rua dos Pinheiros, 14','(16) 99100-0121','ana.paula@email.com','2008-04-05',NULL,28),(361,'Bruno Barros','206.307.408-57','Avenida da Paz Leste, 24','(16) 99100-0122','bruno.barros@email.com','2008-06-10',NULL,28),(362,'Carla Ribeiro','307.408.509-68','Rua das Acácias Norte, 34','(16) 99100-0123','carla.ribeiro@email.com','2008-08-15',NULL,28),(363,'Davi Gomes','408.509.610-79','Avenida Central Sul, 44','(16) 99100-0124','davi.gomes@email.com','2008-10-20',NULL,28),(364,'Eloá Oliveira','509.610.711-90','Rua dos Jasmins Norte, 54','(16) 99100-0125','eloa.oliveira@email.com','2008-12-25',NULL,28),(365,'Felipe Fernandes','610.711.812-01','Avenida Independência Sul, 64','(16) 99100-0126','felipe.fernandes@email.com','2009-02-28',NULL,28),(366,'Gabriela Silva','711.812.913-12','Rua das Begônias Norte, 74','(16) 99100-0127','gabriela.silva@email.com','2009-04-05',NULL,28),(367,'Henrique Pereira','812.913.014-23','Avenida Presidente Vargas Oeste, 84','(16) 99100-0128','henrique.pereira@email.com','2009-06-10',NULL,28),(368,'Isabel Santos','913.014.115-34','Rua das Violetas Norte, 94','(16) 99100-0129','isabel.santos@email.com','2009-08-15',NULL,28),(369,'João Lima','014.115.226-45','Avenida Nove de Julho Leste, 104','(16) 99100-0130','joao.lima@email.com','2009-10-20',NULL,28),(370,'Larissa Rocha','115.226.337-56','Rua dos Girassóis Norte, 114','(16) 99100-0131','larissa.rocha@email.com','2009-12-25',NULL,28),(371,'Lucas Mendes','226.337.448-67','Avenida Francisco Junqueira Sul, 124','(16) 99100-0132','lucas.mendes@email.com','2010-02-25',NULL,28),(372,'Manuela Cunha','337.448.559-78','Rua dos Cravos Norte, 134','(16) 99100-0133','manuela.cunha@email.com','2010-04-05',NULL,28),(373,'Matheus Barros','448.559.670-89','Avenida Portugal Sul, 144','(16) 99100-0134','matheus.barros@email.com','2010-06-10',NULL,28),(374,'Nicole Ribeiro','559.670.781-00','Rua das Orquídeas Norte, 154','(16) 99100-0135','nicole.ribeiro@email.com','2010-08-15',NULL,28),(375,'Pedro Gomes','670.781.892-11','Avenida Presidente Vargas Leste, 164','(16) 99100-0136','pedro.gomes@email.com','2010-10-20',NULL,28),(376,'Rafaela Oliveira','781.892.003-22','Rua das Acácias Sul, 174','(16) 99100-0137','rafaela.oliveira@email.com','2010-12-25',NULL,28),(377,'Samuel Fernandes','892.003.114-33','Avenida Costábile Romano Sul, 184','(16) 99100-0138','samuel.fernandes@email.com','2011-02-02',NULL,28),(378,'Sophia Silva','903.114.225-44','Rua das Flores Sul, 194','(16) 99100-0139','sophia.silva@email.com','2011-04-05',NULL,28),(379,'Thiago Pereira','014.225.336-55','Avenida Antônio Diederichsen Sul, 204','(16) 99100-0140','thiago.pereira@email.com','2011-06-10',NULL,28),(380,'Valentina Santos','125.336.447-66','Rua dos Pássaros Sul, 214','(16) 99100-0141','valentina.santos@email.com','2011-08-15',NULL,28),(381,'Vinicius Lima','236.447.558-77','Avenida Dom Pedro II Norte, 224','(16) 99100-0142','vinicius.lima@email.com','2011-10-20',NULL,28),(382,'Yasmin Rocha','347.558.669-88','Rua dos Lírios Sul, 234','(16) 99100-0143','yasmin.rocha@email.com','2011-12-25',NULL,28),(383,'Enzo Mendes','458.669.770-99','Avenida Nove de Julho Sul, 244','(16) 99100-0144','enzo.mendes@email.com','2012-03-30',NULL,28),(384,'Alice Cunha','569.770.881-10','Rua das Orquídeas Sul, 254','(16) 99100-0145','alice.cunha@email.com','2012-04-05',NULL,28),(385,'Bernardo Barros','670.881.992-21','Avenida Presidente Vargas Sul, 264','(16) 99100-0146','bernardo.barros@email.com','2012-06-10',NULL,28),(386,'Camila Ribeiro','781.992.003-32','Rua das Acácias Sul, 274','(16) 99100-0147','camila.ribeiro@email.com','2012-08-15',NULL,28),(387,'Davi Oliveira','892.003.114-43','Avenida Costábile Romano Oeste, 284','(16) 99100-0148','davi.oliveira@email.com','2012-10-20',NULL,28),(388,'Eloá Fernandes','903.114.225-54','Rua das Flores Oeste, 294','(16) 99100-0149','eloa.fernandes@email.com','2012-12-25',NULL,28),(389,'Fábio Silva','014.225.336-65','Avenida Antônio Diederichsen Oeste, 304','(16) 99100-0150','fabio.silva@email.com','2013-02-07',NULL,28),(390,'Ana Beatriz Barros','106.207.308-47','Rua das Palmeiras Oeste, 15','(16) 99100-0151','ana.beatriz@email.com','2008-05-15',NULL,29),(391,'Bruno Ribeiro','207.308.409-58','Avenida da Saudade Oeste, 25','(16) 99100-0152','bruno.ribeiro@email.com','2008-07-20',NULL,29),(392,'Carla Gomes','308.409.510-69','Rua dos Lírios Oeste, 35','(16) 99100-0153','carla.gomes@email.com','2008-09-25',NULL,29),(393,'Davi Oliveira','409.510.611-80','Avenida Dom Pedro II Sul, 45','(16) 99100-0154','davi.oliveira@email.com','2008-11-30',NULL,29),(394,'Eloá Fernandes','510.611.712-91','Rua das Orquídeas Oeste, 55','(16) 99100-0155','eloa.fernandes@email.com','2009-01-04',NULL,29),(395,'Felipe Silva','611.712.813-02','Avenida Nove de Julho Oeste, 65','(16) 99100-0156','felipe.silva@email.com','2009-03-10',NULL,29),(396,'Gabriela Pereira','712.813.914-13','Rua das Acácias Oeste, 75','(16) 99100-0157','gabriela.pereira@email.com','2009-05-15',NULL,29),(397,'Henrique Santos','813.914.015-24','Avenida Presidente Vargas Norte, 85','(16) 99100-0158','henrique.santos@email.com','2009-07-20',NULL,29),(398,'Isabel Lima','914.015.116-35','Rua das Flores Oeste, 95','(16) 99100-0159','isabel.lima@email.com','2009-09-25',NULL,29),(399,'João Rocha','015.116.227-46','Avenida Costábile Romano Oeste, 105','(16) 99100-0160','joao.rocha@email.com','2009-11-30',NULL,29),(400,'Larissa Mendes','116.227.338-57','Rua dos Pássaros Oeste, 115','(16) 99100-0161','larissa.mendes@email.com','2010-01-04',NULL,29),(401,'Lucas Cunha','227.338.449-68','Avenida Antônio Diederichsen Oeste, 125','(16) 99100-0162','lucas.cunha@email.com','2010-03-10',NULL,29),(402,'Manuela Barros','338.449.560-79','Rua dos Lírios Sul, 135','(16) 99100-0163','manuela.barros@email.com','2010-05-15',NULL,29),(403,'Matheus Ribeiro','449.560.671-90','Avenida Mogiana Oeste, 145','(16) 99100-0164','matheus.ribeiro@email.com','2010-07-20',NULL,29),(404,'Nicole Gomes','560.671.782-01','Rua dos Abacateiros Oeste, 155','(16) 99100-0165','nicole.gomes@email.com','2010-09-25',NULL,29),(405,'Pedro Oliveira','671.782.893-12','Avenida Saudade Leste, 165','(16) 99100-0166','pedro.oliveira@email.com','2010-11-30',NULL,29),(406,'Rafaela Fernandes','782.893.004-23','Rua dos Cajueiros Oeste, 175','(16) 99100-0167','rafaela.fernandes@email.com','2011-01-04',NULL,29),(407,'Samuel Silva','893.004.115-34','Avenida Dom Pedro II Leste, 185','(16) 99100-0168','samuel.silva@email.com','2011-03-10',NULL,29),(408,'Sophia Pereira','904.115.226-45','Rua das Mangueiras Oeste, 195','(16) 99100-0169','sophia.pereira@email.com','2011-05-15',NULL,29),(409,'Thiago Santos','015.226.337-56','Avenida Brasil Oeste, 205','(16) 99100-0170','thiago.santos@email.com','2011-07-20',NULL,29),(410,'Valentina Lima','126.337.448-67','Rua das Goiabeiras Oeste, 215','(16) 99100-0171','valentina.lima@email.com','2011-09-25',NULL,29),(411,'Vinicius Rocha','237.448.559-78','Avenida Bandeirantes Leste, 225','(16) 99100-0172','vinicius.rocha@email.com','2011-11-30',NULL,29),(412,'Yasmin Mendes','348.559.670-89','Rua das Laranjeiras Oeste, 235','(16) 99100-0173','yasmin.mendes@email.com','2012-01-04',NULL,29),(413,'Enzo Cunha','459.670.781-00','Avenida Independência Oeste, 245','(16) 99100-0174','enzo.cunha@email.com','2012-03-10',NULL,29),(414,'Alice Barros','570.781.892-11','Rua das Pitangueiras Oeste, 255','(16) 99100-0175','alice.barros@email.com','2012-05-15',NULL,29),(415,'Bernardo Ribeiro','681.892.003-22','Avenida Presidente Vargas Sul, 265','(16) 99100-0176','bernardo.ribeiro@email.com','2012-07-20',NULL,29),(416,'Camila Gomes','792.003.114-33','Rua das Acerolas Oeste, 275','(16) 99100-0177','camila.gomes@email.com','2012-09-25',NULL,29),(417,'Davi Santos','803.114.225-44','Avenida Nove de Julho Oeste, 285','(16) 99100-0178','davi.santos@email.com','2012-11-30',NULL,29),(418,'Eloá Lima','914.225.336-55','Rua dos Limoeiros Oeste, 295','(16) 99100-0179','eloa.lima@email.com','2013-01-04',NULL,29),(419,'Fábio Rocha','025.336.447-66','Avenida Caramuru Sul, 305','(16) 99100-0180','fabio.rocha@email.com','2013-03-10',NULL,29),(420,'Ana Clara Gomes','108.209.310-49','Rua dos Jasmins Sul, 17','(16) 99100-0211','ana.clara.g@email.com','2007-04-10',NULL,31),(421,'Bruno Oliveira','209.310.411-60','Avenida da Paz Oeste, 27','(16) 99100-0212','bruno.o@email.com','2007-06-15',NULL,31),(422,'Carla Fernandes','310.411.512-71','Rua das Begônias Sul, 37','(16) 99100-0213','carla.f@email.com','2007-08-20',NULL,31),(423,'Davi Silva','411.512.613-82','Avenida Central Norte, 47','(16) 99100-0214','davi.s@email.com','2007-10-25',NULL,31),(424,'Eloá Pereira','512.613.714-93','Rua das Violetas Sul, 57','(16) 99100-0215','eloa.p@email.com','2007-12-30',NULL,31),(425,'Felipe Santos','613.714.815-04','Avenida Independência Sul, 67','(16) 99100-0216','felipe.s@email.com','2008-02-04',NULL,31),(426,'Gabriela Lima','714.815.916-15','Rua dos Girassóis Sul, 77','(16) 99100-0217','gabriela.l@email.com','2008-04-10',NULL,31),(427,'Henrique Rocha','815.916.017-26','Avenida Presidente Vargas Oeste, 87','(16) 99100-0218','henrique.r@email.com','2008-06-15',NULL,31),(428,'Isabel Mendes','916.017.118-37','Rua dos Cravos Sul, 97','(16) 99100-0219','isabel.m@email.com','2008-08-20',NULL,31),(429,'João Cunha','017.118.229-48','Avenida Portugal Norte, 107','(16) 99100-0220','joao.c@email.com','2008-10-25',NULL,31),(430,'Larissa Barros','118.229.340-59','Rua das Orquídeas Sul, 117','(16) 99100-0221','larissa.b@email.com','2008-12-30',NULL,31),(431,'Lucas Ribeiro','229.340.451-70','Avenida Maurílio Biagi Oeste, 127','(16) 99100-0222','lucas.ribeiro@email.com','2009-02-04',NULL,31),(432,'Manuela Gomes','340.451.562-81','Rua das Acácias Sul, 137','(16) 99100-0223','manuela.g@email.com','2009-04-10',NULL,31),(433,'Matheus Oliveira','451.562.673-92','Avenida Costábile Romano Norte, 147','(16) 99100-0224','matheus.o@email.com','2009-06-15',NULL,31),(434,'Nicole Fernandes','562.673.784-03','Rua das Flores Sul, 157','(16) 99100-0225','nicole.f@email.com','2009-08-20',NULL,31),(435,'Pedro Silva','673.784.895-14','Avenida Antônio Diederichsen Norte, 167','(16) 99100-0226','pedro.silva@email.com','2009-10-25',NULL,31),(436,'Rafaela Pereira','784.895.006-25','Rua dos Pássaros Sul, 177','(16) 99100-0227','rafaela.p@email.com','2009-12-30',NULL,31),(437,'Samuel Santos','895.006.117-36','Avenida Dom Pedro II Norte, 187','(16) 99100-0228','samuel.s@email.com','2010-02-04',NULL,31),(438,'Sophia Lima','906.117.228-47','Rua dos Lírios Norte, 197','(16) 99100-0229','sophia.lima@email.com','2010-04-10',NULL,31),(439,'Thiago Rocha','017.228.339-58','Avenida Nove de Julho Norte, 207','(16) 99100-0230','thiago.rocha@email.com','2010-06-15',NULL,31),(440,'Valentina Mendes','128.339.450-69','Rua das Orquídeas Norte, 217','(16) 99100-0231','valentina.mendes@email.com','2010-08-20',NULL,31),(441,'Vinicius Cunha','239.450.561-80','Avenida Presidente Vargas Norte, 227','(16) 99100-0232','vinicius.cunha@email.com','2010-10-25',NULL,31),(442,'Yasmin Barros','350.561.672-91','Rua das Acácias Norte, 237','(16) 99100-0233','yasmin.barros@email.com','2010-12-30',NULL,31),(443,'Enzo Ribeiro','461.672.783-02','Avenida Costábile Romano Sul, 247','(16) 99100-0234','enzo.ribeiro@email.com','2011-02-04',NULL,31),(444,'Alice Gomes','572.783.894-13','Rua das Flores Norte, 257','(16) 99100-0235','alice.gomes@email.com','2011-04-10',NULL,31),(445,'Bernardo Oliveira','683.894.005-24','Avenida Antônio Diederichsen Sul, 267','(16) 99100-0236','bernardo.o@email.com','2011-06-15',NULL,31),(446,'Camila Fernandes','794.005.116-35','Rua dos Pássaros Norte, 277','(16) 99100-0237','camila.fernandes@email.com','2011-08-20',NULL,31),(447,'Davi Santos','805.116.227-46','Avenida Dom Pedro II Sul, 287','(16) 99100-0238','davi.santos@email.com','2011-10-25',NULL,31),(448,'Eloá Lima','916.227.338-57','Rua dos Lírios Norte, 297','(16) 99100-0239','eloa.lima@email.com','2011-12-30',NULL,31),(449,'Fábio Rocha','027.338.449-68','Avenida Nove de Julho Norte, 307','(16) 99100-0240','fabio.rocha@email.com','2012-02-04',NULL,31),(690,'Ana Luiza Mendes','107.208.309-48','Rua das Figueiras Sul, 16','(16) 99100-0181','ana.luiza@email.com','2007-03-25',NULL,30),(691,'Bruno Cunha','208.309.410-59','Avenida Brasil Leste, 26','(16) 99100-0182','bruno.cunha@email.com','2007-05-30',NULL,30),(692,'Carla Barros','309.410.511-70','Rua das Cerejeiras Sul, 36','(16) 99100-0183','carla.barros@email.com','2007-08-04',NULL,30),(693,'Davi Ribeiro','410.511.612-81','Avenida Independência Oeste, 46','(16) 99100-0184','davi.ribeiro@email.com','2007-10-09',NULL,30),(694,'Eloá Gomes','511.612.713-92','Rua das Mangueiras Sul, 56','(16) 99100-0185','eloa.gomes@email.com','2007-12-14',NULL,30),(695,'Felipe Oliveira','612.713.814-03','Avenida Presidente Kennedy Oeste, 66','(16) 99100-0186','felipe.oliveira@email.com','2008-02-19',NULL,30),(696,'Gabriela Fernandes','713.814.915-14','Rua das Acácias Sul, 76','(16) 99100-0187','gabriela.fernandes@email.com','2008-04-25',NULL,30),(697,'Henrique Silva','814.915.016-25','Avenida Costábile Romano Oeste, 86','(16) 99100-0188','henrique.silva@email.com','2008-06-30',NULL,30),(698,'Isabel Pereira','915.016.117-36','Rua das Flores Sul, 96','(16) 99100-0189','isabel.pereira@email.com','2008-09-04',NULL,30),(699,'João Santos','016.117.228-47','Avenida Antônio Diederichsen Oeste, 106','(16) 99100-0190','joao.santos@email.com','2008-11-09',NULL,30),(700,'Larissa Lima','117.228.339-58','Rua dos Pássaros Oeste, 116','(16) 99100-0191','larissa.lima@email.com','2009-01-14',NULL,30),(701,'Lucas Rocha','228.339.450-69','Avenida Dom Pedro II Sul, 126','(16) 99100-0192','lucas.rocha@email.com','2009-03-25',NULL,30),(702,'Manuela Mendes','339.450.561-80','Rua dos Lírios Sul, 136','(16) 99100-0193','manuela.mendes@email.com','2009-05-30',NULL,30),(703,'Matheus Cunha','450.561.672-91','Avenida Nove de Julho Sul, 146','(16) 99100-0194','matheus.cunha@email.com','2009-08-04',NULL,30),(704,'Nicole Barros','561.672.783-02','Rua das Orquídeas Sul, 156','(16) 99100-0195','nicole.barros@email.com','2009-10-09',NULL,30),(705,'Pedro Ribeiro','672.783.894-13','Avenida Presidente Vargas Sul, 166','(16) 99100-0196','pedro.ribeiro@email.com','2009-12-14',NULL,30),(706,'Rafaela Gomes','783.894.005-24','Rua das Acácias Sul, 176','(16) 99100-0197','rafaela.gomes@email.com','2010-02-19',NULL,30),(707,'Samuel Oliveira','894.005.116-35','Avenida Costábile Romano Sul, 186','(16) 99100-0198','samuel.oliveira@email.com','2010-04-25',NULL,30),(708,'Sophia Fernandes','905.116.227-46','Rua das Flores Oeste, 196','(16) 99100-0199','sophia.fernandes@email.com','2010-06-30',NULL,30),(709,'Thiago Silva','016.227.338-57','Avenida Antônio Diederichsen Sul, 206','(16) 99100-0200','thiago.silva@email.com','2010-09-04',NULL,30),(710,'Valentina Pereira','127.338.449-68','Rua dos Pássaros Oeste, 216','(16) 99100-0201','valentina.pereira@email.com','2010-11-09',NULL,30),(711,'Vinicius Santos','238.449.560-79','Avenida Dom Pedro II Oeste, 226','(16) 99100-0202','vinicius.santos@email.com','2011-01-14',NULL,30),(712,'Yasmin Lima','349.560.671-90','Rua dos Lírios Oeste, 236','(16) 99100-0203','yasmin.lima@email.com','2011-03-25',NULL,30),(713,'Enzo Rocha','460.671.782-01','Avenida Nove de Julho Oeste, 246','(16) 99100-0204','enzo.rocha@email.com','2011-05-30',NULL,30),(714,'Alice Mendes','571.782.893-12','Rua das Orquídeas Oeste, 256','(16) 99100-0205','alice.mendes@email.com','2011-08-04',NULL,30),(715,'Bernardo Cunha','682.893.004-23','Avenida Presidente Vargas Oeste, 266','(16) 99100-0206','bernardo.cunha@email.com','2011-10-09',NULL,30),(716,'Camila Barros','793.004.115-34','Rua das Acácias Oeste, 276','(16) 99100-0207','camila.barros@email.com','2011-12-14',NULL,30),(717,'Davi Ribeiro','804.115.226-45','Avenida Costábile Romano Leste, 286','(16) 99100-0208','davi.ribeiro@email.com','2012-02-19',NULL,30),(718,'Eloá Gomes','915.226.337-56','Rua das Flores Leste, 296','(16) 99100-0209','eloa.gomes@email.com','2012-04-25',NULL,30),(719,'Fábio Oliveira','026.337.448-67','Avenida Antônio Diederichsen Leste, 306','(16) 99100-0210','fabio.oliveira@email.com','2012-06-30',NULL,30),(750,'Ana Sofia Lima','109.210.311-50','Rua das Acácias Leste, 18','(16) 99100-0241','ana.sofia@email.com','2007-05-20',NULL,32),(751,'Bruno Rocha','210.311.412-61','Avenida da Saudade Leste, 28','(16) 99100-0242','bruno.rocha@email.com','2007-07-25',NULL,32),(752,'Carla Mendes','311.412.513-72','Rua dos Jasmins Leste, 38','(16) 99100-0243','carla.mendes@email.com','2007-09-30',NULL,32),(753,'Davi Cunha','412.513.614-83','Avenida Dom Pedro II Oeste, 48','(16) 99100-0244','davi.cunha@email.com','2007-11-05',NULL,32),(754,'Eloá Barros','513.614.715-94','Rua das Begônias Leste, 58','(16) 99100-0245','eloa.barros@email.com','2008-01-10',NULL,32),(755,'Felipe Ribeiro','614.715.816-05','Avenida Nove de Julho Leste, 68','(16) 99100-0246','felipe.ribeiro@email.com','2008-03-15',NULL,32),(756,'Gabriela Gomes','715.816.917-16','Rua das Violetas Leste, 78','(16) 99100-0247','gabriela.gomes@email.com','2008-05-20',NULL,32),(757,'Henrique Oliveira','816.917.018-27','Avenida Presidente Vargas Sul, 88','(16) 99100-0248','henrique.o@email.com','2008-07-25',NULL,32),(758,'Isabel Fernandes','917.018.119-38','Rua dos Girassóis Leste, 98','(16) 99100-0249','isabel.fernandes@email.com','2008-09-30',NULL,32),(759,'João Silva','018.119.230-49','Avenida Costábile Romano Leste, 108','(16) 99100-0250','joao.silva@email.com','2008-11-05',NULL,32),(760,'Larissa Pereira','119.230.341-60','Rua dos Cravos Leste, 118','(16) 99100-0251','larissa.pereira@email.com','2009-01-10',NULL,32),(761,'Lucas Santos','230.341.452-71','Avenida Antônio Diederichsen Leste, 128','(16) 99100-0252','lucas.santos@email.com','2009-03-15',NULL,32),(762,'Manuela Lima','341.452.563-82','Rua das Orquídeas Leste, 138','(16) 99100-0253','manuela.lima@email.com','2009-05-20',NULL,32),(763,'Matheus Rocha','452.563.674-93','Avenida Mogiana Leste, 148','(16) 99100-0254','matheus.rocha@email.com','2009-07-25',NULL,32),(764,'Nicole Mendes','563.674.785-04','Rua dos Abacateiros Leste, 158','(16) 99100-0255','nicole.mendes@email.com','2009-09-30',NULL,32),(765,'Pedro Cunha','674.785.896-15','Avenida Saudade Oeste, 168','(16) 99100-0256','pedro.cunha@email.com','2009-11-05',NULL,32),(766,'Rafaela Barros','785.896.007-26','Rua dos Cajueiros Leste, 178','(16) 99100-0257','rafaela.barros@email.com','2010-01-10',NULL,32),(767,'Samuel Ribeiro','896.007.118-37','Avenida Dom Pedro II Oeste, 188','(16) 99100-0258','samuel.ribeiro@email.com','2010-03-15',NULL,32),(768,'Sophia Gomes','907.118.229-48','Rua das Mangueiras Leste, 198','(16) 99100-0259','sophia.gomes@email.com','2010-05-20',NULL,32),(769,'Thiago Oliveira','018.229.340-59','Avenida Brasil Oeste, 208','(16) 99100-0260','thiago.oliveira@email.com','2010-07-25',NULL,32),(770,'Valentina Fernandes','129.340.451-70','Rua das Goiabeiras Leste, 218','(16) 99100-0261','valentina.f@email.com','2010-09-30',NULL,32),(771,'Vinicius Silva','240.451.562-81','Avenida Bandeirantes Oeste, 228','(16) 99100-0262','vinicius.silva@email.com','2010-11-05',NULL,32),(772,'Yasmin Pereira','351.562.673-92','Rua das Laranjeiras Leste, 238','(16) 99100-0263','yasmin.pereira@email.com','2011-01-10',NULL,32),(773,'Enzo Santos','462.673.784-03','Avenida Independência Oeste, 248','(16) 99100-0264','enzo.santos@email.com','2011-03-15',NULL,32),(774,'Alice Lima','573.784.895-14','Rua das Pitangueiras Leste, 258','(16) 99100-0265','alice.lima@email.com','2011-05-20',NULL,32),(775,'Bernardo Rocha','684.895.006-25','Avenida Presidente Vargas Sul, 268','(16) 99100-0266','bernardo.rocha@email.com','2011-07-25',NULL,32),(776,'Camila Mendes','795.006.117-36','Rua das Acerolas Leste, 278','(16) 99100-0267','camila.mendes@email.com','2011-09-30',NULL,32),(777,'Davi Cunha','806.117.228-47','Avenida Nove de Julho Oeste, 288','(16) 99100-0268','davi.cunha@email.com','2011-11-05',NULL,32),(778,'Eloá Barros','917.228.339-58','Rua dos Limoeiros Leste, 298','(16) 99100-0269','eloa.barros@email.com','2012-01-10',NULL,32),(779,'Fábio Ribeiro','028.339.450-69','Avenida Caramuru Norte, 308','(16) 99100-0270','fabio.ribeiro@email.com','2012-03-15',NULL,32),(780,'Ana Vitória Rocha','110.211.312-51','Rua dos Pinheiros Sul, 19','(16) 99100-0271','ana.vitoria@email.com','2006-03-30',NULL,33),(781,'Bruno Mendes','211.312.413-62','Avenida da Paz Oeste, 29','(16) 99100-0272','bruno.mendes@email.com','2006-06-04',NULL,33),(782,'Carla Cunha','312.413.514-73','Rua das Acácias Sul, 39','(16) 99100-0273','carla.cunha@email.com','2006-08-09',NULL,33),(783,'Davi Barros','413.514.615-84','Avenida Central Sul, 49','(16) 99100-0274','davi.barros@email.com','2006-10-14',NULL,33),(784,'Eloá Ribeiro','514.615.716-95','Rua dos Jasmins Sul, 59','(16) 99100-0275','eloa.ribeiro@email.com','2006-12-19',NULL,33),(785,'Felipe Gomes','615.716.817-06','Avenida Independência Oeste, 69','(16) 99100-0276','felipe.gomes@email.com','2007-02-24',NULL,33),(786,'Gabriela Oliveira','716.817.918-17','Rua das Begônias Sul, 79','(16) 99100-0277','gabriela.o@email.com','2007-04-30',NULL,33),(787,'Henrique Fernandes','817.918.019-28','Avenida Presidente Vargas Leste, 89','(16) 99100-0278','henrique.f@email.com','2007-07-05',NULL,33),(788,'Isabel Silva','918.019.120-39','Rua das Violetas Sul, 99','(16) 99100-0279','isabel.silva@email.com','2007-09-10',NULL,33),(789,'João Pereira','019.120.231-50','Avenida Nove de Julho Oeste, 109','(16) 99100-0280','joao.pereira@email.com','2007-11-15',NULL,33),(790,'Larissa Santos','120.231.342-61','Rua dos Girassóis Sul, 119','(16) 99100-0281','larissa.santos@email.com','2008-01-20',NULL,33),(791,'Lucas Lima','231.342.453-72','Avenida Francisco Junqueira Norte, 129','(16) 99100-0282','lucas.lima@email.com','2008-03-25',NULL,33),(792,'Manuela Rocha','342.453.564-83','Rua dos Cravos Sul, 139','(16) 99100-0283','manuela.rocha@email.com','2008-05-30',NULL,33),(793,'Matheus Mendes','453.564.675-94','Avenida Portugal Norte, 149','(16) 99100-0284','matheus.mendes@email.com','2008-08-04',NULL,33),(794,'Nicole Cunha','564.675.786-05','Rua das Orquídeas Sul, 159','(16) 99100-0285','nicole.cunha@email.com','2008-10-09',NULL,33),(795,'Pedro Barros','675.786.897-16','Avenida Presidente Vargas Leste, 169','(16) 99100-0286','pedro.barros@email.com','2008-12-14',NULL,33),(796,'Rafaela Ribeiro','786.897.008-27','Rua das Acácias Sul, 179','(16) 99100-0287','rafaela.ribeiro@email.com','2009-02-19',NULL,33),(797,'Samuel Gomes','897.008.119-38','Avenida Costábile Romano Norte, 189','(16) 99100-0288','samuel.gomes@email.com','2009-04-25',NULL,33),(798,'Sophia Oliveira','908.119.230-49','Rua das Flores Sul, 199','(16) 99100-0289','sophia.oliveira@email.com','2009-06-30',NULL,33),(800,'LEANDRO DE CAIRES SIQUEIRA','198.839.545-41','Rua Orlandia','(11) 21545-4810','test@test0.com','1988-12-15',NULL,29),(813,'Arthur Costa Pereira','112.213.314-53','Rua das Hortênsias, 21','(16) 99100-0321','arthur.costa@email.com','2007-06-20',NULL,36),(814,'Brenda Santos Lima','213.314.415-64','Avenida da Paz Sul, 31','(16) 99100-0322','brenda.santos@email.com','2007-08-25',NULL,36),(815,'Caleb Oliveira Rocha','314.415.516-75','Rua dos Jasmins Sul, 41','(16) 99100-0323','caleb.oliveira@email.com','2007-10-30',NULL,36),(816,'Débora Fernandes Mendes','415.516.617-86','Avenida Dom Pedro II Sul, 51','(16) 99100-0324','debora.fernandes@email.com','2007-12-05',NULL,36),(817,'Elias Silva Cunha','516.617.718-97','Rua das Begônias Sul, 61','(16) 99100-0325','elias.silva@email.com','2008-02-10',NULL,36),(818,'Fabiana Pereira Barros','617.718.819-08','Avenida Nove de Julho Sul, 71','(16) 99100-0326','fabiana.pereira@email.com','2008-04-15',NULL,36),(819,'Giovanna Martins Ribeiro','718.819.920-19','Rua das Violetas Sul, 81','(16) 99100-0327','giovanna.martins@email.com','2008-06-20',NULL,36),(820,'Heitor Gomes Oliveira','819.920.021-30','Avenida Presidente Vargas Oeste, 91','(16) 99100-0328','heitor.gomes@email.com','2008-08-25',NULL,36),(821,'Isadora Lima Fernandes','920.021.122-41','Rua dos Girassóis Sul, 101','(16) 99100-0329','isadora.lima@email.com','2008-10-30',NULL,36),(822,'José Rocha Silva','021.122.233-52','Avenida Costábile Romano Sul, 111','(16) 99100-0330','jose.rocha@email.com','2008-12-05',NULL,36),(823,'Laura Mendes Pereira','122.233.344-63','Rua dos Cravos Sul, 121','(16) 99100-0331','laura.mendes@email.com','2009-02-10',NULL,36),(824,'Lucca Cunha Santos','233.344.455-74','Avenida Antônio Diederichsen Sul, 131','(16) 99100-0332','lucca.cunha@email.com','2009-04-15',NULL,36);
/*!40000 ALTER TABLE `alunos` ENABLE KEYS */;
UNLOCK TABLES;

--
-- Table structure for table `disciplinas`
--

DROP TABLE IF EXISTS `disciplinas`;
/*!40101 SET @saved_cs_client     = @@character_set_client */;
/*!50503 SET character_set_client = utf8mb4 */;
CREATE TABLE `disciplinas` (
  `id` int NOT NULL AUTO_INCREMENT,
  `nome` varchar(100) NOT NULL,
  `turma_id` int NOT NULL,
  PRIMARY KEY (`id`),
  KEY `turma_id` (`turma_id`),
  CONSTRAINT `disciplinas_ibfk_1` FOREIGN KEY (`turma_id`) REFERENCES `turmas_alunos` (`id`) ON DELETE CASCADE
) ENGINE=InnoDB DEFAULT CHARSET=utf8mb4 COLLATE=utf8mb4_0900_ai_ci;
/*!40101 SET character_set_client = @saved_cs_client */;

--
-- Dumping data for table `disciplinas`
--

LOCK TABLES `disciplinas` WRITE;
/*!40000 ALTER TABLE `disciplinas` DISABLE KEYS */;
/*!40000 ALTER TABLE `disciplinas` ENABLE KEYS */;
UNLOCK TABLES;

--
-- Table structure for table `grade_horarios`
--

DROP TABLE IF EXISTS `grade_horarios`;
/*!40101 SET @saved_cs_client     = @@character_set_client */;
/*!50503 SET character_set_client = utf8mb4 */;
CREATE TABLE `grade_horarios` (
  `id` int NOT NULL AUTO_INCREMENT,
  `turma` varchar(10) NOT NULL,
  `dia_semana` varchar(15) NOT NULL,
  `horario` varchar(50) DEFAULT NULL,
  `disciplina` varchar(50) NOT NULL,
  `professor` varchar(255) DEFAULT '',
  PRIMARY KEY (`id`)
) ENGINE=InnoDB AUTO_INCREMENT=16 DEFAULT CHARSET=utf8mb4 COLLATE=utf8mb4_0900_ai_ci;
/*!40101 SET character_set_client = @saved_cs_client */;

--
-- Dumping data for table `grade_horarios`
--

LOCK TABLES `grade_horarios` WRITE;
/*!40000 ALTER TABLE `grade_horarios` DISABLE KEYS */;
INSERT INTO `grade_horarios` VALUES (1,'1ºA','Segunda','11:05 - 11:55','Física','Prof. João'),(2,'1ºA','Segunda','08:50 - 09:40','Artes','Prof. Ana'),(3,'3ºB','Terça','09:00','Química','Prof. Carlos'),(6,'1ºB','Segunda','08:30','Matemática','Prof. João'),(7,'1ºA','Segunda','07:55 - 08:45','Biologia','Prof. Ana'),(8,'2ºB','Terça','09:00','Química','Prof. Carlos'),(10,'1ºA','Segunda','07:00 - 07:50','Geografia','Prof. Ana'),(11,'2ºB','Terça','07:00 - 07:50','Química','Prof. Carlos'),(14,'1ºA','Segunda','10:10 - 11:00','Química','Prof. Ana'),(15,'2ºB','Terça','09:00','Química','Prof. Carlos');
/*!40000 ALTER TABLE `grade_horarios` ENABLE KEYS */;
UNLOCK TABLES;

--
-- Table structure for table `horarios`
--

DROP TABLE IF EXISTS `horarios`;
/*!40101 SET @saved_cs_client     = @@character_set_client */;
/*!50503 SET character_set_client = utf8mb4 */;
CREATE TABLE `horarios` (
  `id` int NOT NULL AUTO_INCREMENT,
  `sala_id` int NOT NULL,
  `dia_semana` enum('Segunda','Terça','Quarta','Quinta','Sexta') NOT NULL,
  `aula_numero` int NOT NULL,
  `materia` varchar(100) NOT NULL,
  `professor` varchar(100) DEFAULT NULL,
  `professor_id` int DEFAULT NULL,
  PRIMARY KEY (`id`),
  KEY `sala_id` (`sala_id`),
  KEY `idx_professor_id` (`professor_id`),
  CONSTRAINT `fk_professor` FOREIGN KEY (`professor_id`) REFERENCES `professores` (`id`) ON DELETE SET NULL,
  CONSTRAINT `horarios_ibfk_1` FOREIGN KEY (`sala_id`) REFERENCES `salas` (`id`) ON DELETE CASCADE
) ENGINE=InnoDB AUTO_INCREMENT=9534 DEFAULT CHARSET=utf8mb4 COLLATE=utf8mb4_0900_ai_ci;
/*!40101 SET character_set_client = @saved_cs_client */;

--
-- Dumping data for table `horarios`
--

LOCK TABLES `horarios` WRITE;
/*!40000 ALTER TABLE `horarios` DISABLE KEYS */;
INSERT INTO `horarios` VALUES (9215,24,'Segunda',1,'Química',NULL,93),(9216,24,'Segunda',2,'Química',NULL,93),(9217,24,'Segunda',3,'Física',NULL,81),(9218,24,'Segunda',4,'Física',NULL,81),(9219,24,'Segunda',5,'Artes',NULL,73),(9220,24,'Segunda',6,'Filosofia',NULL,79),(9221,24,'Terça',1,'Matemática',NULL,89),(9222,24,'Terça',2,'Matemática',NULL,89),(9223,24,'Terça',3,'Língua Portuguesa',NULL,91),(9224,24,'Terça',4,'Língua Portuguesa',NULL,91),(9225,24,'Terça',5,'Língua Portuguesa',NULL,91),(9226,24,'Terça',6,'Língua Portuguesa',NULL,91),(9227,24,'Quarta',1,'Inglês',NULL,87),(9228,24,'Quarta',2,'Inglês',NULL,87),(9229,24,'Quarta',3,'Matemática',NULL,89),(9230,24,'Quarta',4,'Matemática',NULL,89),(9231,24,'Quarta',5,'Biologia',NULL,75),(9232,24,'Quarta',6,'Biologia',NULL,75),(9233,24,'Quinta',1,'Geografia',NULL,83),(9234,24,'Quinta',2,'Geografia',NULL,83),(9235,24,'Quinta',3,'Língua Portuguesa',NULL,91),(9236,24,'Quinta',4,'Língua Portuguesa',NULL,91),(9237,24,'Quinta',5,'Matemática',NULL,89),(9238,24,'Quinta',6,'Matemática',NULL,89),(9239,24,'Sexta',1,'História',NULL,85),(9240,24,'Sexta',2,'História',NULL,85),(9241,24,'Sexta',3,'Sociologia',NULL,95),(9242,24,'Sexta',4,'Educação Física',NULL,77),(9243,24,'Sexta',5,'Educação Física',NULL,77),(9244,25,'Segunda',1,'Língua Portuguesa',NULL,91),(9245,25,'Segunda',2,'Língua Portuguesa',NULL,91),(9246,25,'Segunda',3,'Matemática',NULL,89),(9247,25,'Segunda',4,'Matemática',NULL,89),(9248,25,'Segunda',5,'Biologia',NULL,75),(9249,25,'Segunda',6,'Biologia',NULL,75),(9250,25,'Terça',1,'Língua Portuguesa',NULL,91),(9251,25,'Terça',2,'Língua Portuguesa',NULL,91),(9252,25,'Terça',3,'Artes',NULL,73),(9253,25,'Terça',4,'Matemática',NULL,89),(9254,25,'Terça',5,'Matemática',NULL,89),(9255,25,'Terça',6,'Sociologia',NULL,95),(9256,25,'Quarta',1,'Matemática',NULL,89),(9257,25,'Quarta',2,'Matemática',NULL,89),(9258,25,'Quarta',3,'Educação Física',NULL,77),(9259,25,'Quarta',4,'Educação Física',NULL,77),(9260,25,'Quarta',5,'Química',NULL,93),(9261,25,'Quarta',6,'Química',NULL,93),(9262,25,'Quinta',1,'Inglês',NULL,87),(9263,25,'Quinta',2,'Inglês',NULL,87),(9264,25,'Quinta',3,'Filosofia',NULL,79),(9265,25,'Quinta',4,'História',NULL,85),(9266,25,'Quinta',5,'História',NULL,85),(9267,25,'Sexta',1,'Geografia',NULL,83),(9268,25,'Sexta',2,'Geografia',NULL,83),(9269,25,'Sexta',3,'Língua Portuguesa',NULL,91),(9270,25,'Sexta',4,'Língua Portuguesa',NULL,91),(9271,25,'Sexta',5,'Física',NULL,81),(9272,25,'Sexta',6,'Física',NULL,81),(9273,26,'Segunda',1,'Física',NULL,81),(9274,26,'Segunda',2,'Física',NULL,81),(9275,26,'Segunda',3,'Matemática',NULL,90),(9276,26,'Segunda',4,'Matemática',NULL,90),(9277,26,'Segunda',5,'Geografia',NULL,83),(9278,26,'Segunda',6,'Geografia',NULL,83),(9279,26,'Terça',1,'Língua Portuguesa',NULL,92),(9280,26,'Terça',2,'Língua Portuguesa',NULL,92),(9281,26,'Terça',3,'Artes',NULL,74),(9282,26,'Terça',4,'Matemática',NULL,90),(9283,26,'Terça',5,'Matemática',NULL,90),(9284,26,'Terça',6,'Sociologia',NULL,96),(9285,26,'Quarta',1,'Inglês',NULL,88),(9286,26,'Quarta',2,'Inglês',NULL,88),(9287,26,'Quarta',3,'Química',NULL,93),(9288,26,'Quarta',4,'Química',NULL,93),(9289,26,'Quarta',5,'História',NULL,85),(9290,26,'Quarta',6,'História',NULL,85),(9291,26,'Quinta',1,'Língua Portuguesa',NULL,91),(9292,26,'Quinta',2,'Língua Portuguesa',NULL,91),(9293,26,'Quinta',3,'Educação Física',NULL,77),(9294,26,'Quinta',4,'Educação Física',NULL,77),(9295,26,'Quinta',5,'Biologia',NULL,75),(9296,26,'Quinta',6,'Biologia',NULL,75),(9297,26,'Sexta',1,'Matemática',NULL,89),(9298,26,'Sexta',2,'Matemática',NULL,89),(9299,26,'Sexta',3,'Língua Portuguesa',NULL,92),(9300,26,'Sexta',4,'Língua Portuguesa',NULL,92),(9301,26,'Sexta',5,'Filosofia',NULL,79),(9302,27,'Segunda',1,'História',NULL,85),(9303,27,'Segunda',2,'História',NULL,85),(9304,27,'Segunda',3,'Física',NULL,82),(9305,27,'Segunda',4,'Física',NULL,82),(9306,27,'Segunda',5,'Artes',NULL,74),(9307,27,'Segunda',6,'Sociologia',NULL,95),(9308,27,'Terça',1,'Matemática',NULL,90),(9309,27,'Terça',2,'Matemática',NULL,90),(9310,27,'Terça',3,'Educação Física',NULL,77),(9311,27,'Terça',4,'Educação Física',NULL,77),(9312,27,'Terça',5,'Língua Portuguesa',NULL,92),(9313,27,'Terça',6,'Língua Portuguesa',NULL,92),(9314,27,'Quarta',1,'Inglês',NULL,NULL),(9315,27,'Quarta',2,'Inglês',NULL,NULL),(9316,27,'Quarta',3,'Matemática',NULL,90),(9317,27,'Quarta',4,'Matemática',NULL,90),(9318,27,'Quarta',5,'Biologia',NULL,76),(9319,27,'Quarta',6,'Biologia',NULL,76),(9320,27,'Quinta',1,'Língua Portuguesa',NULL,92),(9321,27,'Quinta',2,'Língua Portuguesa',NULL,92),(9322,27,'Quinta',3,'Matemática',NULL,89),(9323,27,'Quinta',4,'Matemática',NULL,89),(9324,27,'Quinta',5,'Química',NULL,93),(9325,27,'Quinta',6,'Química',NULL,93),(9326,27,'Sexta',1,'Filosofia',NULL,79),(9327,27,'Sexta',2,'Geografia',NULL,84),(9328,27,'Sexta',3,'Geografia',NULL,84),(9329,27,'Sexta',4,'Língua Portuguesa',NULL,97),(9330,27,'Sexta',5,'Língua Portuguesa',NULL,97),(9331,28,'Segunda',1,'Biologia',NULL,75),(9332,28,'Segunda',2,'Biologia',NULL,75),(9333,28,'Segunda',3,'Matemática',NULL,100),(9334,28,'Segunda',4,'Matemática',NULL,100),(9335,28,'Segunda',5,'Língua Portuguesa',NULL,91),(9336,28,'Segunda',6,'Língua Portuguesa',NULL,91),(9337,28,'Terça',1,'Educação Física',NULL,77),(9338,28,'Terça',2,'Educação Física',NULL,77),(9339,28,'Terça',3,'Filosofia',NULL,79),(9340,28,'Terça',4,'Língua Portuguesa',NULL,97),(9341,28,'Terça',5,'Língua Portuguesa',NULL,97),(9342,28,'Terça',6,'Sociologia',NULL,NULL),(9343,28,'Quarta',1,'Física',NULL,81),(9344,28,'Quarta',2,'Física',NULL,81),(9345,28,'Quarta',3,'Química',NULL,94),(9346,28,'Quarta',4,'Química',NULL,94),(9347,28,'Quarta',5,'Inglês',NULL,87),(9348,28,'Quarta',6,'Inglês',NULL,87),(9349,28,'Quinta',1,'Geografia',NULL,84),(9350,28,'Quinta',2,'Geografia',NULL,84),(9351,28,'Quinta',3,'Língua Portuguesa',NULL,92),(9352,28,'Quinta',4,'Língua Portuguesa',NULL,92),(9353,28,'Quinta',5,'História',NULL,86),(9354,28,'Quinta',6,'História',NULL,86),(9355,28,'Sexta',1,'Matemática',NULL,90),(9356,28,'Sexta',2,'Matemática',NULL,90),(9357,28,'Sexta',3,'Matemática',NULL,89),(9358,28,'Sexta',4,'Matemática',NULL,89),(9359,28,'Sexta',5,'Artes',NULL,73),(9360,29,'Segunda',1,'Sociologia',NULL,95),(9361,29,'Segunda',2,'Matemática',NULL,NULL),(9362,29,'Segunda',3,'Matemática',NULL,NULL),(9363,29,'Segunda',4,'História',NULL,85),(9364,29,'Segunda',5,'História',NULL,85),(9365,29,'Segunda',6,'Filosofia',NULL,80),(9366,29,'Terça',1,'Matemática',NULL,100),(9367,29,'Terça',2,'Matemática',NULL,100),(9368,29,'Terça',3,'Biologia',NULL,75),(9369,29,'Terça',4,'Biologia',NULL,75),(9370,29,'Terça',5,'Língua Portuguesa',NULL,NULL),(9371,29,'Terça',6,'Língua Portuguesa',NULL,NULL),(9372,29,'Quarta',1,'Língua Portuguesa',NULL,91),(9373,29,'Quarta',2,'Língua Portuguesa',NULL,91),(9374,29,'Quarta',3,'Matemática',NULL,100),(9375,29,'Quarta',4,'Matemática',NULL,100),(9376,29,'Quarta',5,'Educação Física',NULL,77),(9377,29,'Quarta',6,'Educação Física',NULL,77),(9378,29,'Quinta',1,'Inglês',NULL,88),(9379,29,'Quinta',2,'Inglês',NULL,88),(9380,29,'Quinta',3,'Geografia',NULL,83),(9381,29,'Quinta',4,'Geografia',NULL,83),(9382,29,'Quinta',5,'Química',NULL,94),(9383,29,'Quinta',6,'Química',NULL,94),(9384,29,'Sexta',1,'Língua Portuguesa',NULL,91),(9385,29,'Sexta',2,'Língua Portuguesa',NULL,91),(9386,29,'Sexta',3,'Física',NULL,81),(9387,29,'Sexta',4,'Física',NULL,81),(9388,29,'Sexta',5,'Artes',NULL,74),(9389,30,'Segunda',1,'Artes',NULL,73),(9390,30,'Segunda',2,'Matemática',NULL,NULL),(9391,30,'Segunda',3,'Matemática',NULL,NULL),(9392,30,'Segunda',4,'Língua Portuguesa',NULL,92),(9393,30,'Segunda',5,'Língua Portuguesa',NULL,92),(9394,30,'Segunda',6,'Sociologia',NULL,96),(9395,30,'Terça',1,'Física',NULL,81),(9396,30,'Terça',2,'Física',NULL,81),(9397,30,'Terça',3,'História',NULL,85),(9398,30,'Terça',4,'História',NULL,85),(9399,30,'Terça',5,'Filosofia',NULL,79),(9400,30,'Quarta',1,'Química',NULL,93),(9401,30,'Quarta',2,'Química',NULL,93),(9402,30,'Quarta',3,'Língua Portuguesa',NULL,91),(9403,30,'Quarta',4,'Língua Portuguesa',NULL,91),(9404,30,'Quarta',5,'Língua Portuguesa',NULL,91),(9405,30,'Quarta',6,'Língua Portuguesa',NULL,91),(9406,30,'Quinta',1,'Matemática',NULL,89),(9407,30,'Quinta',2,'Matemática',NULL,89),(9408,30,'Quinta',3,'Matemática',NULL,90),(9409,30,'Quinta',4,'Matemática',NULL,90),(9410,30,'Quinta',5,'Geografia',NULL,83),(9411,30,'Quinta',6,'Geografia',NULL,83),(9412,30,'Sexta',1,'Inglês',NULL,87),(9413,30,'Sexta',2,'Inglês',NULL,87),(9414,30,'Sexta',3,'Educação Física',NULL,78),(9415,30,'Sexta',4,'Educação Física',NULL,78),(9416,30,'Sexta',5,'Biologia',NULL,75),(9417,30,'Sexta',6,'Biologia',NULL,75),(9418,31,'Segunda',1,'Geografia',NULL,83),(9419,31,'Segunda',2,'Geografia',NULL,83),(9420,31,'Segunda',3,'Educação Física',NULL,77),(9421,31,'Segunda',4,'Educação Física',NULL,77),(9422,31,'Segunda',5,'História',NULL,86),(9423,31,'Segunda',6,'História',NULL,86),(9424,31,'Terça',1,'Filosofia',NULL,79),(9425,31,'Terça',2,'Língua Portuguesa',NULL,97),(9426,31,'Terça',3,'Língua Portuguesa',NULL,97),(9427,31,'Terça',4,'Inglês',NULL,87),(9428,31,'Terça',5,'Inglês',NULL,87),(9429,31,'Terça',6,'Artes',NULL,73),(9430,31,'Quarta',1,'Matemática',NULL,90),(9431,31,'Quarta',2,'Matemática',NULL,90),(9432,31,'Quarta',3,'Química',NULL,NULL),(9433,31,'Quarta',4,'Química',NULL,NULL),(9434,31,'Quarta',5,'Língua Portuguesa',NULL,92),(9435,31,'Quarta',6,'Língua Portuguesa',NULL,92),(9436,31,'Quinta',1,'Matemática',NULL,90),(9437,31,'Quinta',2,'Matemática',NULL,90),(9438,31,'Quinta',3,'Física',NULL,81),(9439,31,'Quinta',4,'Física',NULL,81),(9440,31,'Quinta',5,'Biologia',NULL,76),(9441,31,'Quinta',6,'Biologia',NULL,76),(9442,31,'Sexta',1,'Sociologia',NULL,95),(9443,31,'Sexta',2,'Matemática',NULL,100),(9444,31,'Sexta',3,'Matemática',NULL,100),(9445,31,'Sexta',4,'Língua Portuguesa',NULL,NULL),(9446,31,'Sexta',5,'Língua Portuguesa',NULL,NULL),(9447,32,'Segunda',1,'Matemática',NULL,89),(9448,32,'Segunda',2,'Matemática',NULL,89),(9449,32,'Segunda',3,'Geografia',NULL,83),(9450,32,'Segunda',4,'Geografia',NULL,83),(9451,32,'Segunda',5,'Química',NULL,93),(9452,32,'Segunda',6,'Química',NULL,93),(9453,32,'Terça',1,'Sociologia',NULL,95),(9454,32,'Terça',2,'Educação Física',NULL,78),(9455,32,'Terça',3,'Educação Física',NULL,78),(9456,32,'Terça',4,'Física',NULL,81),(9457,32,'Terça',5,'Física',NULL,81),(9458,32,'Terça',6,'Filosofia',NULL,79),(9459,32,'Quarta',1,'Inglês',NULL,NULL),(9460,32,'Quarta',2,'Inglês',NULL,NULL),(9461,32,'Quarta',3,'Língua Portuguesa',NULL,92),(9462,32,'Quarta',4,'Língua Portuguesa',NULL,92),(9463,32,'Quarta',5,'Matemática',NULL,89),(9464,32,'Quarta',6,'Matemática',NULL,89),(9465,32,'Quinta',1,'Artes',NULL,73),(9466,32,'Quinta',2,'Língua Portuguesa',NULL,97),(9467,32,'Quinta',3,'Língua Portuguesa',NULL,97),(9468,32,'Quinta',4,'Biologia',NULL,99),(9469,32,'Quinta',5,'Biologia',NULL,99),(9470,32,'Sexta',1,'Língua Portuguesa',NULL,92),(9471,32,'Sexta',2,'Língua Portuguesa',NULL,92),(9472,32,'Sexta',3,'Matemática',NULL,90),(9473,32,'Sexta',4,'Matemática',NULL,90),(9474,32,'Sexta',5,'História',NULL,85),(9475,32,'Sexta',6,'História',NULL,85),(9476,33,'Segunda',1,'Educação Física',NULL,77),(9477,33,'Segunda',2,'Educação Física',NULL,77),(9478,33,'Segunda',3,'Biologia',NULL,75),(9479,33,'Segunda',4,'Biologia',NULL,75),(9480,33,'Segunda',5,'Língua Portuguesa',NULL,97),(9481,33,'Segunda',6,'Língua Portuguesa',NULL,97),(9482,33,'Terça',1,'Artes',NULL,73),(9483,33,'Terça',2,'Filosofia',NULL,79),(9484,33,'Terça',3,'Matemática',NULL,100),(9485,33,'Terça',4,'Matemática',NULL,100),(9486,33,'Terça',5,'História',NULL,85),(9487,33,'Terça',6,'História',NULL,85),(9488,33,'Quarta',1,'Matemática',NULL,100),(9489,33,'Quarta',2,'Matemática',NULL,100),(9490,33,'Quarta',3,'Química',NULL,NULL),(9491,33,'Quarta',4,'Química',NULL,NULL),(9492,33,'Quarta',5,'Física',NULL,81),(9493,33,'Quarta',6,'Física',NULL,81),(9494,33,'Quinta',1,'Matemática',NULL,100),(9495,33,'Quinta',2,'Matemática',NULL,100),(9496,33,'Quinta',3,'Geografia',NULL,84),(9497,33,'Quinta',4,'Geografia',NULL,84),(9498,33,'Quinta',5,'Inglês',NULL,87),(9499,33,'Quinta',6,'Inglês',NULL,87),(9500,33,'Sexta',1,'Língua Portuguesa',NULL,97),(9501,33,'Sexta',2,'Língua Portuguesa',NULL,97),(9502,33,'Sexta',3,'Sociologia',NULL,96),(9503,33,'Sexta',4,'Língua Portuguesa',NULL,NULL),(9504,33,'Sexta',5,'Língua Portuguesa',NULL,NULL),(9505,36,'Segunda',1,'Matemática',NULL,90),(9506,36,'Segunda',2,'Matemática',NULL,90),(9507,36,'Segunda',3,'Língua Portuguesa',NULL,91),(9508,36,'Segunda',4,'Língua Portuguesa',NULL,91),(9509,36,'Segunda',5,'Sociologia',NULL,95),(9510,36,'Segunda',6,'Artes',NULL,73),(9511,36,'Terça',1,'Física',NULL,82),(9512,36,'Terça',2,'Física',NULL,82),(9513,36,'Terça',3,'Matemática',NULL,NULL),(9514,36,'Terça',4,'Matemática',NULL,NULL),(9515,36,'Terça',5,'Educação Física',NULL,77),(9516,36,'Terça',6,'Educação Física',NULL,77),(9517,36,'Quarta',1,'História',NULL,85),(9518,36,'Quarta',2,'História',NULL,85),(9519,36,'Quarta',3,'Biologia',NULL,75),(9520,36,'Quarta',4,'Biologia',NULL,75),(9521,36,'Quarta',5,'Matemática',NULL,90),(9522,36,'Quarta',6,'Matemática',NULL,90),(9523,36,'Quinta',1,'Geografia',NULL,NULL),(9524,36,'Quinta',2,'Geografia',NULL,NULL),(9525,36,'Quinta',3,'Filosofia',NULL,80),(9526,36,'Quinta',4,'Inglês',NULL,88),(9527,36,'Quinta',5,'Inglês',NULL,88),(9528,36,'Sexta',1,'Língua Portuguesa',NULL,NULL),(9529,36,'Sexta',2,'Língua Portuguesa',NULL,NULL),(9530,36,'Sexta',3,'Língua Portuguesa',NULL,NULL),(9531,36,'Sexta',4,'Língua Portuguesa',NULL,NULL),(9532,36,'Sexta',5,'Química',NULL,93),(9533,36,'Sexta',6,'Química',NULL,93);
/*!40000 ALTER TABLE `horarios` ENABLE KEYS */;
UNLOCK TABLES;

--
-- Table structure for table `horarios_antiga`
--

DROP TABLE IF EXISTS `horarios_antiga`;
/*!40101 SET @saved_cs_client     = @@character_set_client */;
/*!50503 SET character_set_client = utf8mb4 */;
CREATE TABLE `horarios_antiga` (
  `id` int NOT NULL AUTO_INCREMENT,
  `turma_id` int NOT NULL,
  `dia_da_semana` varchar(15) NOT NULL,
  `aula_1` varchar(50) DEFAULT NULL,
  `aula_2` varchar(50) DEFAULT NULL,
  `aula_3` varchar(50) DEFAULT NULL,
  `aula_4` varchar(50) DEFAULT NULL,
  `aula_5` varchar(50) DEFAULT NULL,
  `aula_6` varchar(50) DEFAULT NULL,
  PRIMARY KEY (`id`),
  KEY `turma_id` (`turma_id`),
  CONSTRAINT `horarios_antiga_ibfk_1` FOREIGN KEY (`turma_id`) REFERENCES `turmas_alunos` (`id`)
) ENGINE=InnoDB DEFAULT CHARSET=utf8mb4 COLLATE=utf8mb4_0900_ai_ci;
/*!40101 SET character_set_client = @saved_cs_client */;

--
-- Dumping data for table `horarios_antiga`
--

LOCK TABLES `horarios_antiga` WRITE;
/*!40000 ALTER TABLE `horarios_antiga` DISABLE KEYS */;
/*!40000 ALTER TABLE `horarios_antiga` ENABLE KEYS */;
UNLOCK TABLES;

--
-- Table structure for table `professores`
--

DROP TABLE IF EXISTS `professores`;
/*!40101 SET @saved_cs_client     = @@character_set_client */;
/*!50503 SET character_set_client = utf8mb4 */;
CREATE TABLE `professores` (
  `id` int NOT NULL AUTO_INCREMENT,
  `nome` varchar(100) NOT NULL,
  `cpf` varchar(14) DEFAULT NULL,
  `endereco` text NOT NULL,
  `telefone` varchar(15) NOT NULL,
  `email` varchar(255) DEFAULT NULL,
  `especialidade` varchar(100) DEFAULT NULL,
  `observacao` text,
  PRIMARY KEY (`id`),
  UNIQUE KEY `cpf` (`cpf`),
  UNIQUE KEY `cpf_2` (`cpf`)
) ENGINE=InnoDB AUTO_INCREMENT=101 DEFAULT CHARSET=utf8mb4 COLLATE=utf8mb4_0900_ai_ci;
/*!40101 SET character_set_client = @saved_cs_client */;

--
-- Dumping data for table `professores`
--

LOCK TABLES `professores` WRITE;
/*!40000 ALTER TABLE `professores` DISABLE KEYS */;
INSERT INTO `professores` VALUES (73,'Ana Clara Vieira','123.456.789-01','Rua das Flores, 150','(16) 99111-2222','ana.vieira@email.com','Artes','None'),(74,'Carlos Alberto Silva','987.654.321-02','Avenida Brasil, 456','(16) 98888-7777','carlos.silva@email.com','Artes',NULL),(75,'Beatriz Mendes Oliveira','111.222.333-44','Rua dos Pássaros, 789','(16) 99777-6666','beatriz.oliveira@email.com','Biologia',NULL),(76,'Daniel Souza Pereira','555.666.777-88','Avenida Independência, 123','(16) 98111-5555','daniel.pereira@email.com','Biologia',NULL),(77,'Eduarda Costa Rocha','222.333.444-55','Rua das Palmeiras, 321','(16) 99333-4444','eduarda.rocha@email.com','Educação Física',NULL),(78,'Felipe Santos Lima','666.777.888-99','Avenida Dom Pedro II, 654','(16) 98777-2222','felipe.lima@email.com','Educação Física',NULL),(79,'Gabriela Fernandes Cunha','333.444.555-66','Rua dos Lírios, 987','(16) 99555-1111','gabriela.cunha@email.com','Filosofia',NULL),(80,'Henrique Alves Barros','777.888.999-00','Avenida Nove de Julho, 234','(16) 98333-9999','henrique.barros@email.com','Filosofia',NULL),(81,'Isabela Martins Ribeiro','444.555.666-77','Rua das Orquídeas, 567','(16) 99222-8888','isabela.ribeiro@email.com','Física',NULL),(82,'João Pedro Gomes','888.999.000-11','Avenida Presidente Vargas, 789','(16) 98666-3333','joao.gomes@email.com','Física',NULL),(83,'Laura Rodrigues Souza','999.000.111-22','Rua dos Cravos, 890','(16) 99444-7777','laura.souza@email.com','Geografia',NULL),(84,'Lucas Oliveira Fernandes','000.111.222-33','Avenida Francisco Junqueira, 345','(16) 98222-6666','lucas.fernandes@email.com','Geografia',NULL),(85,'Manuela Costa Silva','111.222.333-00','Rua das Violetas, 234','(16) 99666-5555','manuela.silva@email.com','História',NULL),(86,'Nathan Pereira Rocha','222.333.444-11','Avenida Portugal, 567','(16) 98555-4444','nathan.rocha@email.com','História',NULL),(87,'Olivia Santos Mendes','333.444.555-22','Rua dos Girassóis, 678','(16) 99888-3333','olivia.mendes@email.com','Inglês',NULL),(88,'Pedro Lima Cunha','444.555.666-33','Avenida Nove de Julho, 901','(16) 98444-2222','pedro.cunha@email.com','Inglês',NULL),(89,'Rafaela Alves Barros','555.666.777-44','Rua das Begônias, 123','(16) 99999-1111','rafaela.barros@email.com','Matemática',NULL),(90,'Samuel Martins Ribeiro','666.777.888-55','Avenida Brasil, 789','(16) 98999-8888','samuel.ribeiro@email.com','Matemática',NULL),(91,'Sophia Gomes Oliveira','777.888.999-66','Rua dos Jasmins, 456','(16) 99000-7777','sophia.oliveira@email.com','Língua Portuguesa',NULL),(92,'Thiago Rodrigues Souza','888.999.000-77','Avenida Independência, 234','(16) 98000-9999','thiago.souza@email.com','Língua Portuguesa',NULL),(93,'Valentina Oliveira Fernandes','999.000.111-88','Rua das Acácias, 567','(16) 99123-4567','valentina.fernandes@email.com','Química',NULL),(94,'Vinicius Costa Silva','000.111.222-99','Avenida Dom Pedro II, 890','(16) 98765-4321','vinicius.silva@email.com','Química',NULL),(95,'Yasmin Pereira Rocha','111.222.333-01','Rua dos Crisântemos, 321','(16) 99234-5678','yasmin.rocha@email.com','Sociologia',NULL),(96,'Enzo Santos Mendes','222.333.444-02','Avenida Portugal, 123','(16) 98345-6789','enzo.mendes@email.com','Sociologia',NULL),(97,'marina','111.111.111-11','Rua Orlandia','111111111122','marina@test.com','Língua Portuguesa',''),(98,'Bruno César Lima','444.555.666-04','Avenida Nove de Julho, 901','(16) 98567-8901','bruno.lima@email.com','Artes',NULL),(99,'Diogo Pereira Martins','666.777.888-06','Avenida Presidente Vargas, 567','(16) 98789-0123','diogo.martins@email.com','Biologia',NULL),(100,'LEANDRO DE CAIRES SIQUEIRA','198.839.545-42','Rua Orlandia','(64) 64516-5465','test@test0.com','Matemática','');
/*!40000 ALTER TABLE `professores` ENABLE KEYS */;
UNLOCK TABLES;

--
-- Table structure for table `salas`
--

DROP TABLE IF EXISTS `salas`;
/*!40101 SET @saved_cs_client     = @@character_set_client */;
/*!50503 SET character_set_client = utf8mb4 */;
CREATE TABLE `salas` (
  `id` int NOT NULL AUTO_INCREMENT,
  `nome` varchar(100) NOT NULL,
  `capacidade` int DEFAULT '40',
  `ano` varchar(10) DEFAULT NULL,
  PRIMARY KEY (`id`)
) ENGINE=InnoDB AUTO_INCREMENT=37 DEFAULT CHARSET=utf8mb4 COLLATE=utf8mb4_0900_ai_ci;
/*!40101 SET character_set_client = @saved_cs_client */;

--
-- Dumping data for table `salas`
--

LOCK TABLES `salas` WRITE;
/*!40000 ALTER TABLE `salas` DISABLE KEYS */;
INSERT INTO `salas` VALUES (24,'1ºA',31,'2025'),(25,'1ºD',40,'2025'),(26,'1ºB',35,'2025'),(27,'1ºC',30,'2025'),(28,'2ºA',40,'2025'),(29,'2ºB',39,'2025'),(30,'2ºC',38,'2025'),(31,'3ºA',40,'2025'),(32,'3ºB',40,'2025'),(33,'3ºC',35,'2025'),(36,'3ºD',30,'2025');
/*!40000 ALTER TABLE `salas` ENABLE KEYS */;
UNLOCK TABLES;

--
-- Table structure for table `turmas`
--

DROP TABLE IF EXISTS `turmas`;
/*!40101 SET @saved_cs_client     = @@character_set_client */;
/*!50503 SET character_set_client = utf8mb4 */;
CREATE TABLE `turmas` (
  `id` int NOT NULL AUTO_INCREMENT,
  `nome` varchar(100) NOT NULL,
  `ano` varchar(20) NOT NULL,
  PRIMARY KEY (`id`)
) ENGINE=InnoDB AUTO_INCREMENT=11 DEFAULT CHARSET=utf8mb4 COLLATE=utf8mb4_0900_ai_ci;
/*!40101 SET character_set_client = @saved_cs_client */;

--
-- Dumping data for table `turmas`
--

LOCK TABLES `turmas` WRITE;
/*!40000 ALTER TABLE `turmas` DISABLE KEYS */;
INSERT INTO `turmas` VALUES (1,'1º A','2025'),(2,'1ºA','1º Ano'),(3,'1ºB','1º Ano'),(4,'1ºC','1º Ano'),(5,'2ºA','2º Ano'),(6,'2ºB','2º Ano'),(7,'2ºC','2º Ano'),(8,'3ºA','3º Ano'),(9,'3ºB','3º Ano'),(10,'3ºC','3º Ano');
/*!40000 ALTER TABLE `turmas` ENABLE KEYS */;
UNLOCK TABLES;

--
-- Table structure for table `turmas_alunos`
--

DROP TABLE IF EXISTS `turmas_alunos`;
/*!40101 SET @saved_cs_client     = @@character_set_client */;
/*!50503 SET character_set_client = utf8mb4 */;
CREATE TABLE `turmas_alunos` (
  `id` int NOT NULL AUTO_INCREMENT,
  `nome` varchar(50) NOT NULL,
  `serie` int NOT NULL,
  `numero_sala` varchar(10) NOT NULL,
  `periodo` enum('Manhã','Tarde','Noite') NOT NULL,
  `observacao` text,
  PRIMARY KEY (`id`)
) ENGINE=InnoDB DEFAULT CHARSET=utf8mb4 COLLATE=utf8mb4_0900_ai_ci;
/*!40101 SET character_set_client = @saved_cs_client */;

--
-- Dumping data for table `turmas_alunos`
--

LOCK TABLES `turmas_alunos` WRITE;
/*!40000 ALTER TABLE `turmas_alunos` DISABLE KEYS */;
/*!40000 ALTER TABLE `turmas_alunos` ENABLE KEYS */;
UNLOCK TABLES;

--
-- Table structure for table `usuarios`
--

DROP TABLE IF EXISTS `usuarios`;
/*!40101 SET @saved_cs_client     = @@character_set_client */;
/*!50503 SET character_set_client = utf8mb4 */;
CREATE TABLE `usuarios` (
  `id` int NOT NULL AUTO_INCREMENT,
  `nome` varchar(100) NOT NULL,
  `email` varchar(100) NOT NULL,
  `senha` varchar(255) NOT NULL,
  `perfil` enum('master','administrativo','assistente') NOT NULL,
  PRIMARY KEY (`id`),
  UNIQUE KEY `email` (`email`)
) ENGINE=InnoDB AUTO_INCREMENT=22 DEFAULT CHARSET=utf8mb4 COLLATE=utf8mb4_0900_ai_ci;
/*!40101 SET character_set_client = @saved_cs_client */;

--
-- Dumping data for table `usuarios`
--

LOCK TABLES `usuarios` WRITE;
/*!40000 ALTER TABLE `usuarios` DISABLE KEYS */;
INSERT INTO `usuarios` VALUES (1,'Leandro Siqueira','test@test.com','scrypt:32768:8:1$5us7FWroO7WdbTGA$a2f7694763d247a0ae456b27ee25044a86ac8ee08a39102ecca4daaefe81c55a7d46accf81901fc7f8d84c2c56e55ddc539e520b91b595a84f325d0a5ab3c467','master'),(2,'Assistente','assistente@test.com','scrypt:32768:8:1$PC8HUuLQMbxUkobV$7910821213b7587d8164c41117c18861cb19b7b4d421e2a05ea4ba504b53f10325c31f6552e68a23110a1154f92d419756c2b52550f13c7196b13f4fc8f982c4','assistente'),(10,'Administrativo','administrativo@test.com','scrypt:32768:8:1$NEt8bU2YF320wTCj$25fa4efffd28ee8185e756e8e6d711d90f68cad42d46a5256dbbdbf2ef827f98c20ba48588ba6ae0326c8eb34fa4478194258f33f8526f3d9954ca7b64c24f31','administrativo'),(16,'Master admin','master@admin.com','scrypt:32768:8:1$wgU1b6xTA52uUSmz$b8dccf66ff187a04b1c870e0134a6ca693309ae657ff6f36b0e7daab9866717b3a6a90df482f5b32e67c6b8b165f338195529cb2f6e86cd5c4285aadcebf1c79','master'),(20,'Master','master@test.com','scrypt:32768:8:1$Yfi738xwdRkJP4JE$152d8a2e0fab0d6b3d03cedeed63bc52444376e5b48e3d06f33a70204e92d31e011362f953037afd61a073536dc12a7e8826d777df06734ecf5b4b9033bfab49','master');
/*!40000 ALTER TABLE `usuarios` ENABLE KEYS */;
UNLOCK TABLES;
/*!40103 SET TIME_ZONE=@OLD_TIME_ZONE */;

/*!40101 SET SQL_MODE=@OLD_SQL_MODE */;
/*!40014 SET FOREIGN_KEY_CHECKS=@OLD_FOREIGN_KEY_CHECKS */;
/*!40014 SET UNIQUE_CHECKS=@OLD_UNIQUE_CHECKS */;
/*!40101 SET CHARACTER_SET_CLIENT=@OLD_CHARACTER_SET_CLIENT */;
/*!40101 SET CHARACTER_SET_RESULTS=@OLD_CHARACTER_SET_RESULTS */;
/*!40101 SET COLLATION_CONNECTION=@OLD_COLLATION_CONNECTION */;
/*!40111 SET SQL_NOTES=@OLD_SQL_NOTES */;

-- Dump completed on 2025-04-23 22:51:21
